{"stats":{"minecraft:picked_up":{"minecraft:dirt":1},"minecraft:used":{"minecraft:elytra":1,"minecraft:dirt":1,"minecraft:firework_rocket":6},"minecraft:custom":{"minecraft:jump":72,"minecraft:time_since_rest":7813,"minecraft:leave_game":1,"minecraft:sprint_one_cm":10165,"minecraft:play_time":7813,"minecraft:time_since_death":7813,"minecraft:walk_one_cm":2557,"minecraft:total_world_time":7813,"minecraft:fall_one_cm":952,"minecraft:fly_one_cm":28691,"minecraft:aviate_one_cm":240282},"minecraft:mined":{"minecraft:grass_block":1}},"DataVersion":3465}