{
  "minecraft:recipes/decorations/crafting_table": {
    "criteria": {
      "unlock_right_away": "2024-08-01 10:40:54 +0000"
    },
    "done": true
  },
  "minecraft:end/elytra": {
    "criteria": {
      "elytra": "2024-08-01 10:44:59 +0000"
    },
    "done": true
  },
  "minecraft:adventure/adventuring_time": {
    "criteria": {
      "minecraft:frozen_river": "2024-08-01 10:41:58 +0000",
      "minecraft:snowy_plains": "2024-08-01 10:40:55 +0000"
    },
    "done": false
  },
  "DataVersion": 3465
}